"First Name","Last Name","Gender","Age","Education","Occupation","Salary","ID"
"Adrianna","Cunningham","Female","21","Primary","Social Worker","856","2460"
"Preston","Cole","Male","26","Bachelor","Interpreter","2326","2924"
"Emma","Elliott","Female","29","Primary","Meteorologist","3814","7283"
"Eddy","Dixon","Male","26","Primary","Graphic Designer","6573","5933"
"Amber","West","Female","25","Bachelor","Dancer","7436","7877"
"Aldus","Craig","Male","29","Doctoral","Botanist","826","7351"
"Daryl","Morris","Male","29","Doctoral","Manager","5396","9100"
"Dainton","Elliott","Male","19","Lower secondary","Scientist","3532","2417"
"Arianna","Barnes","Female","28","Master","Botanist","5493","1692"
"Lydia","Kelley","Female","30","Upper secondary","Producer","8672","4810"
"Oliver","Campbell","Male","21","Master","Veterinarian","3896","7787"
"Abraham","Barnes","Male","27","Bachelor","Pharmacist","1928","3541"
"Miley","Johnson","Female","28","Primary","Manager","1367","8164"
"Aldus","Johnson","Male","22","Doctoral","Engineer","3336","5498"
"Patrick","Grant","Male","26","Master","Actor","1823","0293"
"April","Wells","Female","20","Master","Florist","1781","1484"
"Carlos","Ferguson","Male","29","Lower secondary","Hairdresser","7289","0414"
"Anna","Higgins","Female","26","Doctoral","Botanist","2110","6782"
"April","Cooper","Female","28","Upper secondary","Composer","2252","1922"
"Melissa","Allen","Female","21","Upper secondary","Producer","8488","1871"
"Roland","Kelly","Male","19","Upper secondary","Social Worker","7642","1621"
"Ted","Dixon","Male","25","Master","Geologist","4865","7250"
"Rubie","Harris","Female","18","Lower secondary","Singer","7022","7969"
"Jacob","Lloyd","Male","27","Upper secondary","Astronomer","3089","6389"
"Belinda","Harrison","Female","21","Primary","Fashion Designer","3415","6735"
"Garry","Moore","Male","25","Upper secondary","Composer","5550","8281"
"Julia","Ryan","Female","21","Doctoral","Chef","3445","2576"
"Miller","Roberts","Male","30","Master","Agronomist","7563","0820"
"Spike","Watson","Male","24","Doctoral","Singer","7900","9013"
"Miranda","Chapman","Female","30","Upper secondary","Driver","7620","3135"
"Adele","Allen","Female","18","Bachelor","Social Worker","6579","4390"
"Daniel","Morrison","Male","25","Master","Biochemist","7332","6010"
"Kellan","Ross","Male","24","Primary","Scientist","5843","6780"
"Connie","Ross","Female","22","Upper secondary","Astronomer","1888","7820"
"Isabella","Wright","Female","24","Master","Lecturer","4628","0699"
"Arthur","Wilson","Male","25","Lower secondary","Accountant","7879","6736"
"Ada","Turner","Female","25","Bachelor","Lawer","937","6595"
"Reid","Barnes","Male","29","Doctoral","Salesman","3912","1627"
"Jack","Higgins","Male","21","Master","Scientist","6458","9043"
"Spike","Wright","Male","26","Bachelor","Firefighter","9759","1175"
"Amber","Johnson","Female","26","Primary","Programmer","9600","9238"
"Miranda","West","Female","20","Primary","Carpenter","9579","2582"
"Audrey","Higgins","Female","21","Primary","Engineer","1439","7170"
"Chelsea","Phillips","Female","27","Bachelor","Driver","7977","5458"
"Sophia","Dixon","Female","21","Bachelor","Interior Designer","2393","1948"
"Amanda","Casey","Female","24","Bachelor","Lawer","6850","6095"
"David","Spencer","Male","18","Lower secondary","Architect","1437","6012"
"Jared","Cunningham","Male","25","Primary","Astronomer","5535","1516"
"Aida","Barrett","Female","20","Upper secondary","Producer","4766","8914"
"Henry","Cameron","Male","27","Primary","Architect","892","9440"
"Henry","Bailey","Male","28","Primary","Interior Designer","5124","6944"
"Adrianna","Cameron","Female","27","Lower secondary","Botanist","6351","1736"
"Alexia","Phillips","Female","19","Master","Fine Artist","7086","0360"
"Eleanor","Payne","Female","30","Lower secondary","Dancer","1846","6029"
"Miranda","Smith","Female","25","Bachelor","Auditor","4213","0746"
"Sophia","Murray","Female","22","Doctoral","Agronomist","6233","6443"
"Melissa","Gibson","Female","22","Upper secondary","Lawer","1901","0033"
"Tyler","Chapman","Male","22","Master","Florist","9540","0966"
"Kellan","Murray","Male","30","Doctoral","Hairdresser","2659","3188"
"Derek","Richardson","Male","24","Bachelor","Photographer","8144","0018"
"Miley","Harris","Female","26","Master","Mechanic","8795","2415"
"Lilianna","Phillips","Female","27","Master","Interpreter","3364","5933"
"Nicole","Miller","Female","23","Bachelor","Physicist","1994","5664"
"Adison","Murphy","Male","21","Master","Manager","2479","5773"
"John","Carter","Male","18","Upper secondary","Economist","4331","2751"
"Heather","Dixon","Female","26","Bachelor","Meteorologist","7390","3374"
"Dainton","Evans","Male","30","Bachelor","Meteorologist","5475","8798"
"Kevin","Cooper","Male","27","Doctoral","Architect","6579","8092"
"Byron","Allen","Male","30","Lower secondary","Mathematician","7340","6606"
"Rebecca","Douglas","Female","23","Bachelor","Salesman","7923","9419"
"Thomas","Reed","Male","19","Doctoral","Social Worker","1202","6069"
"Rubie","West","Female","21","Bachelor","Agronomist","4622","0231"
"Daryl","Gray","Male","29","Lower secondary","Accountant","3902","8991"
"Dexter","Adams","Male","23","Doctoral","Interior Designer","9242","1188"
"Martin","Henderson","Male","30","Lower secondary","Accountant","8024","8227"
"Kristian","Sullivan","Male","20","Primary","Graphic Designer","7970","5061"
"Brianna","Tucker","Female","30","Upper secondary","Scientist","2556","9105"
"Lydia","Stevens","Female","28","Primary","Interior Designer","1418","9771"
"Lucia","Payne","Female","26","Upper secondary","Chef","8871","3721"
"Tyler","Grant","Male","20","Bachelor","Actor","2788","3182"
"Adison","Harrison","Male","27","Primary","Florist","702","0142"
"Alisa","Kelley","Female","27","Doctoral","Journalist","6848","6386"
"Anna","Tucker","Female","23","Doctoral","Salesman","2556","0398"
"Jared","Baker","Male","25","Bachelor","Veterinarian","8654","7238"
"Eric","Fowler","Male","28","Upper secondary","Electrician","5161","4378"
"Kirsten","Parker","Female","26","Master","Aeroplane Pilot","1179","8759"
"Henry","Watson","Male","18","Primary","Mechanic","4624","9824"
"Thomas","Stewart","Male","26","Upper secondary","Hairdresser","6428","1478"
"Fenton","Ross","Male","18","Master","Archeologist","9868","2161"
"Amelia","Spencer","Female","30","Bachelor","Fashion Designer","8431","7393"
"Alfred","Riley","Male","30","Master","Chef","4948","0379"
"Thomas","Adams","Male","28","Upper secondary","Fashion Designer","6311","7016"
"Dale","Russell","Male","18","Primary","Mathematician","7178","0958"
"Savana","Elliott","Female","30","Master","Meteorologist","932","4345"
"Sofia","Harris","Female","22","Upper secondary","Graphic Designer","5716","9281"
"Rubie","Morgan","Female","26","Doctoral","Interior Designer","9745","7985"
"Joyce","Ellis","Female","21","Lower secondary","Mathematician","7344","2209"
"Ted","Richards","Male","22","Doctoral","Police Officer","8560","9223"
"Daisy","Holmes","Female","29","Lower secondary","Interior Designer","5724","5909"
"John","Phillips","Male","22","Doctoral","Meteorologist","3810","3662"
